,PLAYER_VALUE
0,18.197537192638155
1,17.553180176247643
2,17.50439001207821
3,17.45309671769066
4,17.034386382832476
5,16.38045991542581
6,17.72753356339242
7,16.811242831518264
8,16.38045991542581
9,18.31532022829454
10,17.281246460764002
11,16.11809565095832
12,16.811242831518264
13,18.197537192638155
14,18.064005800013632
15,16.523560759066484
16,18.51599092375669
17,18.132998671500584
18,16.811242831518264
19,19.008467408854486
20,17.909855120186375
21,17.98989782785991
22,17.034386382832476
23,15.89495209964411
24,17.553180176247643
25,17.034386382832476
26,17.822843743196746
27,17.034386382832476
28,14.914122846632385
29,17.37085861945369
30,17.034386382832476
31,15.60727002719233
32,16.811242831518264
33,16.523560759066484
34,18.31532022829454
35,17.37085861945369
36,17.034386382832476
37,18.197537192638155
38,17.37085861945369
39,18.60300230074632
40,16.70588231586044
41,16.300417207752275
42,16.300417207752275
43,18.132998671500584
44,17.034386382832476
45,17.822843743196746
46,17.50439001207821
47,16.70588231586044
48,16.523560759066484
49,16.012735135300492
50,14.508657738524219
51,17.37085861945369
52,17.37085861945369
53,16.11809565095832
54,17.98989782785991
55,15.424948470398375
56,18.197537192638155
57,16.523560759066484
58,17.45309671769066
59,17.281246460764002
60,17.034386382832476
61,16.523560759066484
62,17.909855120186375
63,17.822843743196746
64,13.815510557964274
65,17.822843743196746
66,17.72753356339242
67,16.523560759066484
68,17.034386382832476
69,16.588099280204055
70,17.14771506813948
71,15.201804919084164
72,17.72753356339242
73,17.37085861945369
74,16.811242831518264
75,16.70588231586044
76,17.553180176247643
77,16.90655301132259
78,17.50439001207821
79,17.034386382832476
80,17.50439001207821
81,17.034386382832476
82,16.90655301132259
83,16.811242831518264
84,16.38045991542581
85,13.592367006650065
86,18.132998671500584
87,18.197537192638155
88,17.622173047734595
89,17.034386382832476
90,16.70588231586044
91,17.909855120186375
92,15.60727002719233
93,16.523560759066484
94,16.523560759066484
95,16.300417207752275
96,17.45309671769066
97,17.37085861945369
98,16.90655301132259
99,16.300417207752275
100,15.201804919084164
101,17.50439001207821
102,16.70588231586044
103,17.98989782785991
104,17.553180176247643
105,16.38045991542581
106,16.90655301132259
107,16.523560759066484
108,16.300417207752275
109,16.11809565095832
110,15.761420707019587
111,14.22097566607244
112,12.765688433465597
113,16.588099280204055
114,18.132998671500584
115,17.822843743196746
116,17.72753356339242
117,17.98989782785991
118,17.98989782785991
119,16.70588231586044
120,17.909855120186375
121,16.70588231586044
122,16.523560759066484
123,16.11809565095832
124,15.761420707019587
125,16.523560759066484
126,17.50439001207821
127,16.811242831518264
128,16.11809565095832
129,16.523560759066484
130,13.304684934198283
131,17.622173047734595
132,17.50439001207821
133,16.70588231586044
134,16.70588231586044
135,15.761420707019587
136,17.72753356339242
137,17.72753356339242
138,15.60727002719233
139,18.31532022829454
140,17.686711568872166
141,17.622173047734595
142,16.11809565095832
143,15.319587954740548
144,16.38045991542581
145,16.11809565095832
146,15.60727002719233
147,16.213405830762646
148,14.914122846632385
149,14.73180128983843
150,18.064005800013632
151,17.45309671769066
152,17.034386382832476
153,13.815510557964274
154,17.553180176247643
155,15.89495209964411
156,17.37085861945369
157,17.281246460764002
158,15.60727002719233
159,17.281246460764002
160,16.523560759066484
161,18.064005800013632
162,16.588099280204055
163,17.216707939626428
164,17.034386382832476
165,16.588099280204055
166,15.424948470398375
167,12.206072645530174
168,17.281246460764002
169,16.300417207752275
170,16.11809565095832
171,18.132998671500584
172,16.300417207752275
173,15.89495209964411
174,15.60727002719233
175,17.98989782785991
176,16.300417207752275
177,15.424948470398375
178,13.997832114758229
179,12.611537753638338
180,17.281246460764002
181,16.90655301132259
182,16.90655301132259
183,17.216707939626428
184,16.11809565095832
185,15.761420707019587
186,17.034386382832476
187,16.90655301132259
188,16.811242831518264
189,15.89495209964411
190,16.523560759066484
191,16.523560759066484
192,17.034386382832476
193,13.304684934198283
194,17.216707939626428
195,16.523560759066484
196,17.553180176247643
197,17.50439001207821
198,17.111347423968603
199,15.60727002719233
200,17.14771506813948
201,16.11809565095832
202,17.14771506813948
203,16.300417207752275
204,17.50439001207821
205,16.300417207752275
206,16.300417207752275
207,17.216707939626428
208,16.90655301132259
209,14.508657738524219
210,16.90655301132259
211,16.38045991542581
212,15.60727002719233
213,16.523560759066484
214,17.50439001207821
215,16.11809565095832
216,15.424948470398375
217,14.508657738524219
218,17.622173047734595
219,16.70588231586044
220,14.22097566607244
221,13.592367006650065
222,13.815510557964274
223,16.951004773893423
224,16.811242831518264
225,17.14771506813948
226,16.454567887579532
227,16.11809565095832
228,17.034386382832476
229,16.523560759066484
230,16.300417207752275
231,15.60727002719233
232,14.508657738524219
233,16.811242831518264
234,16.523560759066484
235,16.523560759066484
236,16.300417207752275
237,14.508657738524219
238,16.300417207752275
239,16.300417207752275
240,17.034386382832476
241,16.811242831518264
242,16.11809565095832
243,17.034386382832476
244,16.811242831518264
245,14.73180128983843
246,17.034386382832476
247,17.034386382832476
248,15.761420707019587
249,13.815510557964274
250,17.909855120186375
251,17.37085861945369
252,16.70588231586044
253,16.70588231586044
254,14.73180128983843
255,17.37085861945369
256,16.90655301132259
257,16.70588231586044
258,13.710150042306449
259,16.300417207752275
260,13.997832114758229
261,16.11809565095832
262,16.012735135300492
263,18.31532022829454
264,17.37085861945369
265,14.403297222866392
266,16.012735135300492
267,17.622173047734595
268,16.90655301132259
269,16.64872390202049
270,15.60727002719233
271,17.034386382832476
272,16.300417207752275
273,17.45309671769066
274,16.90655301132259
275,16.300417207752275
276,15.761420707019587
277,12.429216196844383
278,16.811242831518264
279,16.70588231586044
280,16.454567887579532
281,16.213405830762646
282,15.068273526459642
283,15.068273526459642
284,16.300417207752275
285,15.761420707019587
286,17.034386382832476
287,14.508657738524219
288,17.281246460764002
289,15.761420707019587
290,17.45309671769066
291,16.523560759066484
292,15.319587954740548
293,16.213405830762646
294,16.012735135300492
295,15.89495209964411
296,15.89495209964411
297,15.424948470398375
298,16.11809565095832
299,13.815510557964274
300,16.811242831518264
301,16.38045991542581
302,16.11809565095832
303,16.11809565095832
304,16.70588231586044
305,16.38045991542581
306,16.11809565095832
307,16.11809565095832
308,16.012735135300492
309,17.034386382832476
310,15.201804919084164
311,16.588099280204055
312,13.815510557964274
313,17.622173047734595
314,16.454567887579532
315,16.588099280204055
316,16.300417207752275
317,16.012735135300492
318,15.424948470398375
319,12.89921982609012
320,17.14771506813948
321,15.89495209964411
322,16.811242831518264
323,16.811242831518264
324,17.034386382832476
325,16.11809565095832
326,15.424948470398375
327,15.201804919084164
328,14.508657738524219
329,16.70588231586044
330,16.300417207752275
331,16.11809565095832
332,14.73180128983843
333,14.508657738524219
334,14.403297222866392
335,15.068273526459642
336,16.811242831518264
337,15.89495209964411
338,15.60727002719233
339,17.14771506813948
340,14.508657738524219
341,13.304684934198283
342,16.588099280204055
343,16.213405830762646
344,15.89495209964411
345,15.89495209964411
346,15.424948470398375
347,13.304684934198283
348,17.50439001207821
349,17.45309671769066
350,16.11809565095832
351,15.89495209964411
352,14.403297222866392
353,13.304684934198283
354,17.034386382832476
355,15.89495209964411
356,15.89495209964411
357,15.424948470398375
358,16.588099280204055
359,16.454567887579532
360,14.73180128983843
361,14.73180128983843
362,14.508657738524219
363,14.22097566607244
364,17.14771506813948
365,17.034386382832476
366,16.811242831518264
367,16.588099280204055
368,16.90655301132259
369,16.588099280204055
370,15.89495209964411
371,14.914122846632385
372,14.508657738524219
373,16.70588231586044
374,16.38045991542581
375,16.300417207752275
376,17.37085861945369
377,17.034386382832476
378,16.012735135300492
379,17.37085861945369
380,14.508657738524219
381,16.70588231586044
382,16.454567887579532
383,14.914122846632385
384,16.70588231586044
385,16.11809565095832
386,16.38045991542581
387,15.068273526459642
388,14.403297222866392
389,16.70588231586044
390,16.11809565095832
391,14.914122846632385
392,14.508657738524219
393,13.997832114758229
394,17.034386382832476
395,15.424948470398375
396,16.90655301132259
397,16.90655301132259
398,16.70588231586044
399,16.523560759066484
400,16.300417207752275
401,16.70588231586044
402,16.012735135300492
403,15.89495209964411
404,15.60727002719233
405,13.710150042306449
406,17.37085861945369
407,17.216707939626428
408,16.11809565095832
409,13.592367006650065
410,16.90655301132259
411,14.508657738524219
412,13.997832114758229
413,17.37085861945369
414,14.914122846632385
415,14.508657738524219
416,16.11809565095832
417,15.424948470398375
418,12.89921982609012
419,15.761420707019587
420,17.50439001207821
421,16.90655301132259
422,17.45309671769066
423,14.914122846632385
424,16.523560759066484
425,15.761420707019587
426,15.424948470398375
427,16.70588231586044
428,16.588099280204055
429,14.508657738524219
430,13.815510557964274
431,16.523560759066484
432,14.914122846632385
433,16.523560759066484
434,15.068273526459642
435,17.50439001207821
436,14.403297222866392
437,16.70588231586044
438,16.300417207752275
439,14.508657738524219
440,14.22097566607244
441,13.122363377404328
442,16.70588231586044
443,13.122363377404328
444,16.70588231586044
445,14.914122846632385
446,14.508657738524219
447,16.588099280204055
448,15.60727002719233
449,13.997832114758229
450,16.90655301132259
451,16.811242831518264
452,16.70588231586044
453,15.89495209964411
454,15.60727002719233
455,14.508657738524219
456,14.22097566607244
457,13.997832114758229
458,16.811242831518264
459,16.811242831518264
460,16.11809565095832
461,15.201804919084164
462,14.603967918328545
463,16.64872390202049
464,16.90655301132259
465,16.11809565095832
466,14.22097566607244
467,16.012735135300492
468,14.508657738524219
469,13.122363377404328
470,16.300417207752275
471,14.22097566607244
472,16.811242831518264
473,16.012735135300492
474,15.201804919084164
475,17.98989782785991
476,17.14771506813948
477,16.11809565095832
478,15.761420707019587
479,15.319587954740548
480,17.98989782785991
481,16.11809565095832
482,17.98989782785991
483,16.70588231586044
484,15.424948470398375
485,16.300417207752275
486,16.11809565095832
487,17.553180176247643
488,17.50439001207821
489,17.281246460764002
490,17.034386382832476
491,16.811242831518264
492,16.523560759066484
493,15.424948470398375
494,17.909855120186375
495,17.37085861945369
496,19.008467408854486
497,16.811242831518264
498,15.068273526459642
499,16.90655301132259
500,16.012735135300492
501,15.761420707019587
502,15.60727002719233
503,16.70588231586044
504,15.424948470398375
505,16.11809565095832
506,15.424948470398375
507,12.611537753638338
508,16.454567887579532
509,16.012735135300492
510,16.811242831518264
511,15.60727002719233
512,15.60727002719233
513,16.70588231586044
514,16.523560759066484
515,17.216707939626428
516,14.914122846632385
517,17.14771506813948
518,17.37085861945369
519,16.90655301132259
520,11.918390573078392
521,17.216707939626428
522,16.11809565095832
523,15.60727002719233
524,15.60727002719233
525,15.60727002719233
526,16.811242831518264
527,15.761420707019587
528,17.216707939626428
529,13.592367006650065
530,17.034386382832476
531,15.761420707019587
532,15.424948470398375
533,14.508657738524219
534,13.815510557964274
535,17.14771506813948
536,16.70588231586044
537,15.60727002719233
538,15.60727002719233
539,16.523560759066484
540,15.424948470398375
541,16.811242831518264
542,16.523560759066484
543,15.89495209964411
544,15.761420707019587
545,17.034386382832476
546,16.012735135300492
547,14.73180128983843
548,13.592367006650065
549,13.122363377404328
550,16.012735135300492
551,17.034386382832476
552,16.300417207752275
553,16.11809565095832
554,15.424948470398375
555,17.034386382832476
556,16.454567887579532
557,16.38045991542581
558,14.508657738524219
559,17.216707939626428
560,15.424948470398375
561,15.89495209964411
562,15.89495209964411
563,16.70588231586044
564,16.454567887579532
565,16.300417207752275
566,15.89495209964411
567,15.201804919084164
568,16.11809565095832
569,16.11809565095832
570,15.60727002719233
571,15.424948470398375
572,16.70588231586044
573,15.89495209964411
574,16.454567887579532
575,15.761420707019587
576,14.508657738524219
577,16.588099280204055
578,16.11809565095832
579,17.034386382832476
580,16.90655301132259
581,16.588099280204055
582,16.300417207752275
583,16.523560759066484
584,16.300417207752275
585,14.403297222866392
586,13.122363377404328
587,16.811242831518264
588,16.70588231586044
589,15.424948470398375
590,15.201804919084164
591,17.216707939626428
592,16.300417207752275
593,15.761420707019587
594,13.304684934198283
595,15.761420707019587
596,14.73180128983843
597,15.89495209964411
598,15.761420707019587
599,13.815510557964274
600,15.60727002719233
601,15.319587954740548
602,12.611537753638338
603,15.89495209964411
604,15.60727002719233
605,14.73180128983843
606,15.319587954740548
607,16.523560759066484
608,15.761420707019587
609,14.73180128983843
610,16.11809565095832
611,15.60727002719233
612,16.811242831518264
613,16.588099280204055
614,16.588099280204055
615,16.11809565095832
616,15.424948470398375
617,13.304684934198283
618,15.319587954740548
619,14.73180128983843
620,16.11809565095832
621,14.73180128983843
622,11.918390573078392
623,16.012735135300492
624,14.22097566607244
625,16.588099280204055
626,15.424948470398375
627,16.012735135300492
628,15.424948470398375
629,16.811242831518264
630,15.201804919084164
631,16.454567887579532
632,15.89495209964411
633,15.761420707019587
634,17.909855120186375
635,16.90655301132259
636,16.90655301132259
637,15.424948470398375
638,12.89921982609012
639,15.201804919084164
640,14.914122846632385
641,13.815510557964274
642,14.508657738524219
643,16.70588231586044
644,15.60727002719233
645,15.319587954740548
646,14.508657738524219
647,17.281246460764002
648,16.012735135300492
649,15.068273526459642
650,16.012735135300492
651,15.89495209964411
652,15.60727002719233
653,14.403297222866392
654,17.37085861945369
655,15.424948470398375
656,15.201804919084164
657,14.508657738524219
658,13.122363377404328
659,15.89495209964411
660,14.73180128983843
661,14.73180128983843
662,13.997832114758229
663,13.815510557964274
664,15.424948470398375
665,14.22097566607244
666,14.914122846632385
667,14.508657738524219
668,16.11809565095832
669,13.815510557964274
670,16.11809565095832
671,14.914122846632385
672,16.811242831518264
673,14.73180128983843
674,14.603967918328545
675,13.815510557964274
676,14.508657738524219
677,14.73180128983843
678,15.89495209964411
679,15.201804919084164
680,14.22097566607244
681,13.122363377404328
682,15.830413578506539
683,15.201804919084164
684,14.22097566607244
685,13.815510557964274
686,13.458835614025542
687,14.914122846632385
688,15.424948470398375
689,14.73180128983843
690,12.765688433465597
691,16.012735135300492
692,15.830413578506539
693,15.60727002719233
694,15.201804919084164
695,12.429216196844383
696,13.592367006650065
697,15.60727002719233
698,15.068273526459642
699,13.997832114758229
700,16.11809565095832
701,17.216707939626428
702,13.997832114758229
703,13.458835614025542
704,12.89921982609012
705,15.761420707019587
706,15.424948470398375
707,15.068273526459642
708,14.73180128983843
709,14.403297222866392
710,15.60727002719233
711,14.73180128983843
712,14.508657738524219
713,15.201804919084164
714,14.73180128983843
715,14.508657738524219
716,16.012735135300492
717,15.424948470398375
718,15.319587954740548
719,13.997832114758229
720,12.89921982609012
721,16.11809565095832
722,15.60727002719233
723,13.304684934198283
724,15.761420707019587
725,13.592367006650065
726,14.73180128983843
727,14.22097566607244
728,15.89495209964411
729,15.60727002719233
730,15.424948470398375
731,14.914122846632385
732,13.815510557964274
733,12.429216196844383
734,14.73180128983843
735,13.997832114758229
736,15.319587954740548
737,15.319587954740548
738,13.710150042306449
739,13.710150042306449
740,16.11809565095832
741,15.60727002719233
742,14.73180128983843
743,16.11809565095832
744,14.914122846632385
745,13.122363377404328
746,11.918390573078392
747,13.304684934198283
748,12.89921982609012
749,16.70588231586044
750,13.997832114758229
751,13.997832114758229
752,15.761420707019587
753,15.201804919084164
754,15.068273526459642
755,13.710150042306449
756,12.89921982609012
757,15.761420707019587
758,14.508657738524219
759,13.304684934198283
760,15.201804919084164
761,14.22097566607244
762,13.997832114758229
763,13.815510557964274
764,15.60727002719233
765,13.458835614025542
766,15.424948470398375
767,14.73180128983843
768,12.611537753638338
769,16.811242831518264
770,14.508657738524219
771,15.89495209964411
772,11.918390573078392
773,13.997832114758229
774,13.710150042306449
775,15.60727002719233
776,15.319587954740548
777,15.201804919084164
778,16.11809565095832
779,15.60727002719233
780,13.997832114758229
781,12.429216196844383
782,14.73180128983843
783,13.815510557964274
784,13.592367006650065
785,14.73180128983843
786,13.997832114758229
787,15.60727002719233
788,16.300417207752275
789,14.403297222866392
790,14.22097566607244
791,13.997832114758229
792,14.22097566607244
793,13.122363377404328
794,16.11809565095832
795,14.914122846632385
796,14.73180128983843
797,16.012735135300492
798,16.300417207752275
799,14.73180128983843
800,14.22097566607244
801,14.22097566607244
802,13.815510557964274
803,15.424948470398375
804,15.424948470398375
805,14.508657738524219
806,14.508657738524219
807,15.201804919084164
808,13.815510557964274
809,14.22097566607244
810,13.997832114758229
811,15.201804919084164
812,14.914122846632385
813,14.914122846632385
814,14.508657738524219
815,13.997832114758229
816,14.914122846632385
817,14.508657738524219
818,12.89921982609012
819,15.319587954740548
820,16.11809565095832
821,14.73180128983843
822,13.122363377404328
823,13.122363377404328
824,15.424948470398375
825,14.22097566607244
826,14.914122846632385
827,14.73180128983843
828,14.508657738524219
829,12.429216196844383
830,11.512925464970229
831,15.068273526459642
832,14.508657738524219
833,11.918390573078392
834,15.201804919084164
835,14.508657738524219
836,15.319587954740548
837,14.508657738524219
838,14.22097566607244
839,13.458835614025542
840,13.122363377404328
841,12.429216196844383
842,11.512925464970229
843,14.508657738524219
844,13.997832114758229
845,13.997832114758229
846,13.764217263576723
847,13.122363377404328
848,15.60727002719233
849,15.201804919084164
850,14.73180128983843
851,15.89495209964411
852,14.914122846632385
853,14.508657738524219
854,14.403297222866392
855,14.22097566607244
856,14.73180128983843
857,13.710150042306449
858,12.89921982609012
859,14.508657738524219
860,13.458835614025542
861,12.89921982609012
862,12.206072645530174
863,14.914122846632385
864,14.22097566607244
865,12.206072645530174
866,15.761420707019587
867,13.710150042306449
868,12.429216196844383
869,14.73180128983843
870,14.22097566607244
871,13.122363377404328
872,15.89495209964411
873,13.304684934198283
874,13.304684934198283
875,11.918390573078392
876,15.60727002719233
877,13.997832114758229
878,12.429216196844383
879,14.914122846632385
880,14.73180128983843
881,14.22097566607244
882,13.710150042306449
883,14.508657738524219
884,13.815510557964274
885,13.592367006650065
886,13.458835614025542
887,13.122363377404328
888,14.73180128983843
889,12.89921982609012
890,12.765688433465597
891,13.997832114758229
892,13.304684934198283
893,15.424948470398375
894,14.403297222866392
895,14.403297222866392
896,13.592367006650065
897,13.997832114758229
898,14.508657738524219
899,13.710150042306449
900,13.592367006650065
901,11.512925464970229
902,11.512925464970229
903,14.508657738524219
904,13.997832114758229
905,14.73180128983843
906,13.815510557964274
907,13.122363377404328
908,11.918390573078392
909,15.761420707019587
910,14.914122846632385
911,14.73180128983843
912,13.815510557964274
913,13.017002861746503
914,12.429216196844383
915,11.512925464970229
916,15.201804919084164
917,13.304684934198283
918,12.206072645530174
919,13.017002861746503
920,14.73180128983843
921,13.710150042306449
922,13.458835614025542
923,13.122363377404328
924,12.429216196844383
925,14.508657738524219
926,15.60727002719233
927,14.508657738524219
928,13.592367006650065
929,13.122363377404328
930,14.508657738524219
931,14.22097566607244
932,13.592367006650065
933,14.73180128983843
934,14.403297222866392
935,14.73180128983843
936,14.403297222866392
937,13.304684934198283
938,12.429216196844383
939,11.918390573078392
940,14.22097566607244
941,14.22097566607244
942,12.429216196844383
943,12.206072645530174
944,11.918390573078392
945,14.73180128983843
946,14.346138809026444
947,12.89921982609012
948,12.206072645530174
949,11.512925464970229
950,13.997832114758229
951,12.89921982609012
952,12.206072645530174
953,13.458835614025542
954,12.89921982609012
955,13.710150042306449
956,12.206072645530174
957,11.918390573078392
958,11.512925464970229
959,14.508657738524219
960,14.22097566607244
961,13.710150042306449
962,13.122363377404328
963,12.89921982609012
964,12.611537753638338
965,11.512925464970229
966,18.064005800013632
967,17.50439001207821
968,17.281246460764002
969,15.60727002719233
970,14.508657738524219
971,17.034386382832476
972,16.300417207752275
973,15.89495209964411
974,15.424948470398375
975,18.258161814454592
976,18.258161814454592
977,16.523560759066484
978,16.300417207752275
979,16.11809565095832
980,15.424948470398375
981,18.82614585206053
982,15.424948470398375
983,18.420680743952367
984,17.034386382832476
985,17.034386382832476
986,15.60727002719233
987,14.73180128983843
988,18.064005800013632
989,17.909855120186375
990,17.50439001207821
991,16.11809565095832
992,13.122363377404328
993,15.424948470398375
994,15.424948470398375
995,15.89495209964411
996,15.424948470398375
997,15.424948470398375
998,18.420680743952367
999,18.31532022829454
1000,18.132998671500584
1001,17.034386382832476
1002,14.914122846632385
1003,12.611537753638338
1004,17.37085861945369
1005,17.216707939626428
1006,17.909855120186375
1007,17.216707939626428
1008,17.37085861945369
1009,16.811242831518264
1010,15.60727002719233
1011,17.034386382832476
1012,16.811242831518264
1013,16.11809565095832
1014,17.37085861945369
1015,16.454567887579532
1016,15.424948470398375
1017,17.50439001207821
1018,17.37085861945369
1019,16.588099280204055
1020,16.11809565095832
1021,15.424948470398375
1022,16.90655301132259
1023,17.034386382832476
1024,17.216707939626428
1025,17.72753356339242
1026,17.034386382832476
1027,16.811242831518264
1028,16.454567887579532
1029,13.122363377404328
1030,17.37085861945369
1031,16.523560759066484
1032,16.454567887579532
1033,15.60727002719233
1034,15.60727002719233
1035,14.914122846632385
1036,16.012735135300492
1037,14.914122846632385
1038,17.50439001207821
1039,14.508657738524219
1040,17.72753356339242
1041,14.73180128983843
1042,14.508657738524219
1043,13.815510557964274
1044,17.034386382832476
1045,15.201804919084164
1046,14.914122846632385
1047,13.815510557964274
1048,13.458835614025542
1049,17.50439001207821
1050,15.60727002719233
1051,17.034386382832476
1052,12.89921982609012
1053,16.70588231586044
1054,16.300417207752275
1055,15.424948470398375
1056,14.914122846632385
1057,17.622173047734595
1058,15.424948470398375
1059,14.914122846632385
1060,14.73180128983843
1061,16.523560759066484
1062,14.914122846632385
1063,14.914122846632385
1064,17.034386382832476
1065,14.73180128983843
1066,15.201804919084164
1067,14.914122846632385
1068,14.914122846632385
1069,16.454567887579532
1070,15.60727002719233
1071,15.201804919084164
1072,13.815510557964274
1073,16.811242831518264
1074,17.034386382832476
1075,13.815510557964274
1076,17.034386382832476
1077,14.22097566607244
1078,17.216707939626428
1079,16.811242831518264
1080,14.914122846632385
1081,14.914122846632385
1082,15.60727002719233
1083,15.424948470398375
1084,15.068273526459642
1085,14.73180128983843
1086,13.815510557964274
1087,17.216707939626428
1088,14.914122846632385
1089,14.73180128983843
1090,15.89495209964411
1091,14.73180128983843
1092,16.454567887579532
1093,16.811242831518264
1094,16.70588231586044
1095,16.11809565095832
1096,14.508657738524219
1097,16.588099280204055
1098,16.454567887579532
1099,15.60727002719233
1100,13.122363377404328
1101,15.761420707019587
1102,15.201804919084164
1103,14.914122846632385
1104,14.73180128983843
1105,14.22097566607244
1106,13.592367006650065
1107,16.523560759066484
1108,16.012735135300492
1109,15.424948470398375
1110,13.997832114758229
1111,12.206072645530174
1112,15.761420707019587
1113,15.761420707019587
1114,15.424948470398375
1115,15.424948470398375
1116,13.997832114758229
1117,12.765688433465597
1118,17.14771506813948
1119,16.454567887579532
1120,15.068273526459642
1121,14.22097566607244
1122,16.811242831518264
1123,16.523560759066484
1124,16.300417207752275
1125,15.60727002719233
1126,16.523560759066484
1127,14.508657738524219
1128,14.22097566607244
1129,14.22097566607244
1130,16.811242831518264
1131,15.60727002719233
1132,14.508657738524219
1133,16.300417207752275
1134,15.830413578506539
1135,15.201804919084164
1136,16.11809565095832
1137,15.830413578506539
1138,16.300417207752275
1139,15.201804919084164
1140,14.914122846632385
1141,15.201804919084164
1142,16.012735135300492
1143,16.012735135300492
1144,15.201804919084164
1145,14.508657738524219
1146,12.206072645530174
1147,15.424948470398375
1148,14.914122846632385
1149,16.300417207752275
1150,16.012735135300492
1151,15.60727002719233
1152,15.60727002719233
1153,16.811242831518264
1154,16.11809565095832
1155,13.592367006650065
1156,16.523560759066484
1157,16.454567887579532
1158,16.11809565095832
1159,13.815510557964274
1160,14.508657738524219
1161,13.122363377404328
1162,14.914122846632385
1163,14.403297222866392
1164,14.403297222866392
1165,15.60727002719233
1166,16.012735135300492
1167,14.914122846632385
1168,14.73180128983843
1169,14.508657738524219
1170,17.216707939626428
1171,16.012735135300492
1172,16.523560759066484
1173,14.914122846632385
1174,13.122363377404328
1175,17.216707939626428
1176,17.034386382832476
1177,14.73180128983843
1178,14.73180128983843
1179,14.508657738524219
1180,16.811242831518264
1181,14.73180128983843
1182,13.815510557964274
1183,12.89921982609012
1184,14.73180128983843
1185,15.424948470398375
1186,14.73180128983843
1187,13.592367006650065
1188,15.89495209964411
1189,16.300417207752275
1190,14.508657738524219
1191,14.22097566607244
1192,13.122363377404328
1193,16.523560759066484
1194,13.997832114758229
1195,16.11809565095832
1196,15.60727002719233
1197,15.201804919084164
1198,12.611537753638338
1199,16.012735135300492
1200,15.60727002719233
1201,14.403297222866392
1202,15.89495209964411
1203,14.508657738524219
1204,14.403297222866392
1205,14.22097566607244
1206,14.22097566607244
1207,16.11809565095832
1208,16.523560759066484
1209,15.201804919084164
1210,15.424948470398375
1211,16.11809565095832
1212,15.424948470398375
1213,14.914122846632385
1214,14.508657738524219
1215,13.815510557964274
1216,13.710150042306449
1217,12.206072645530174
1218,16.300417207752275
1219,14.73180128983843
1220,14.690979295318174
1221,12.89921982609012
1222,16.90655301132259
1223,16.523560759066484
1224,14.508657738524219
1225,15.89495209964411
1226,15.60727002719233
1227,14.73180128983843
1228,13.592367006650065
1229,16.300417207752275
1230,12.206072645530174
1231,14.914122846632385
1232,13.815510557964274
1233,15.60727002719233
1234,16.523560759066484
1235,14.914122846632385
1236,11.918390573078392
1237,15.89495209964411
1238,14.914122846632385
1239,14.914122846632385
1240,15.424948470398375
1241,14.22097566607244
1242,16.213405830762646
1243,15.60727002719233
1244,15.201804919084164
1245,14.508657738524219
1246,13.815510557964274
1247,12.429216196844383
1248,15.424948470398375
1249,15.424948470398375
1250,15.424948470398375
1251,15.201804919084164
1252,14.508657738524219
1253,14.508657738524219
1254,14.508657738524219
1255,15.068273526459642
1256,13.815510557964274
1257,14.22097566607244
1258,16.012735135300492
1259,16.012735135300492
1260,15.60727002719233
1261,15.201804919084164
1262,14.73180128983843
1263,15.068273526459642
1264,17.034386382832476
1265,16.012735135300492
1266,14.914122846632385
1267,13.997832114758229
1268,15.89495209964411
1269,14.73180128983843
1270,14.508657738524219
1271,14.508657738524219
1272,13.122363377404328
1273,15.60727002719233
1274,15.424948470398375
1275,14.914122846632385
1276,13.458835614025542
1277,13.122363377404328
1278,16.588099280204055
1279,15.201804919084164
1280,14.914122846632385
1281,14.73180128983843
1282,14.22097566607244
1283,12.89921982609012
1284,15.424948470398375
1285,15.89495209964411
1286,15.60727002719233
1287,14.73180128983843
1288,13.815510557964274
1289,14.22097566607244
1290,15.60727002719233
1291,15.424948470398375
1292,14.22097566607244
1293,12.206072645530174
1294,15.068273526459642
1295,14.914122846632385
1296,14.914122846632385
1297,14.508657738524219
1298,15.830413578506539
1299,14.22097566607244
1300,14.914122846632385
1301,14.508657738524219
1302,15.424948470398375
1303,13.997832114758229
1304,15.761420707019587
1305,15.201804919084164
1306,14.508657738524219
1307,13.997832114758229
1308,15.60727002719233
1309,15.60727002719233
1310,14.73180128983843
1311,14.22097566607244
1312,13.815510557964274
1313,14.403297222866392
1314,16.300417207752275
1315,15.89495209964411
1316,13.815510557964274
1317,13.592367006650065
1318,15.319587954740548
1319,15.201804919084164
1320,15.068273526459642
1321,14.914122846632385
1322,13.592367006650065
1323,11.512925464970229
1324,13.997832114758229
1325,13.997832114758229
1326,15.89495209964411
1327,14.508657738524219
1328,14.22097566607244
1329,15.201804919084164
1330,14.914122846632385
1331,14.914122846632385
1332,14.73180128983843
1333,13.592367006650065
1334,16.90655301132259
1335,13.997832114758229
1336,14.508657738524219
1337,13.710150042306449
1338,16.523560759066484
1339,13.997832114758229
1340,13.815510557964274
1341,15.89495209964411
1342,15.201804919084164
1343,14.22097566607244
1344,13.122363377404328
1345,12.611537753638338
1346,14.22097566607244
1347,15.201804919084164
1348,13.304684934198283
1349,15.830413578506539
1350,15.424948470398375
1351,15.068273526459642
1352,14.914122846632385
1353,14.914122846632385
1354,14.403297222866392
1355,13.815510557964274
1356,15.60727002719233
1357,13.592367006650065
1358,16.300417207752275
1359,14.22097566607244
1360,16.11809565095832
1361,15.89495209964411
1362,13.815510557964274
1363,14.914122846632385
1364,14.914122846632385
1365,14.508657738524219
1366,14.077874822431765
1367,10.819778284410283
1368,14.73180128983843
1369,14.22097566607244
1370,16.523560759066484
1371,14.22097566607244
1372,13.815510557964274
1373,14.22097566607244
1374,15.424948470398375
1375,15.319587954740548
1376,14.914122846632385
1377,14.73180128983843
1378,13.710150042306449
1379,14.914122846632385
1380,14.914122846632385
1381,14.22097566607244
1382,15.424948470398375
1383,14.914122846632385
1384,13.592367006650065
1385,12.611537753638338
1386,15.89495209964411
1387,15.201804919084164
1388,14.508657738524219
1389,13.592367006650065
1390,12.611537753638338
1391,12.611537753638338
1392,14.403297222866392
1393,14.22097566607244
1394,14.22097566607244
1395,13.815510557964274
1396,13.458835614025542
1397,14.845129975145433
1398,14.508657738524219
1399,14.22097566607244
1400,13.997832114758229
1401,15.068273526459642
1402,14.914122846632385
1403,14.73180128983843
1404,14.403297222866392
1405,13.122363377404328
1406,14.914122846632385
1407,14.73180128983843
1408,13.815510557964274
1409,14.914122846632385
1410,13.815510557964274
1411,16.11809565095832
1412,14.73180128983843
1413,14.73180128983843
1414,14.73180128983843
1415,13.997832114758229
1416,13.815510557964274
1417,13.458835614025542
1418,13.304684934198283
1419,12.206072645530174
1420,15.068273526459642
1421,13.997832114758229
1422,14.73180128983843
1423,14.22097566607244
1424,12.611537753638338
1425,14.73180128983843
1426,14.22097566607244
1427,12.89921982609012
1428,14.508657738524219
1429,14.508657738524219
1430,14.508657738524219
1431,13.710150042306449
1432,15.201804919084164
1433,14.508657738524219
1434,13.997832114758229
1435,13.815510557964274
1436,12.611537753638338
1437,15.201804919084164
1438,13.997832114758229
1439,12.611537753638338
1440,14.73180128983843
1441,14.508657738524219
1442,14.508657738524219
1443,14.508657738524219
1444,14.22097566607244
1445,13.815510557964274
1446,13.592367006650065
1447,13.304684934198283
1448,17.909855120186375
1449,17.034386382832476
1450,15.761420707019587
1451,15.068273526459642
1452,15.89495209964411
1453,17.034386382832476
1454,15.60727002719233
1455,17.50439001207821
1456,14.914122846632385
1457,17.37085861945369
1458,17.073607095985757
1459,16.90655301132259
1460,12.206072645530174
1461,15.319587954740548
1462,18.258161814454592
1463,15.201804919084164
1464,17.034386382832476
1465,16.523560759066484
1466,17.37085861945369
1467,18.60300230074632
1468,16.523560759066484
1469,17.909855120186375
1470,17.72753356339242
1471,15.89495209964411
1472,15.201804919084164
1473,14.22097566607244
1474,17.37085861945369
1475,15.424948470398375
1476,15.201804919084164
1477,13.592367006650065
1478,17.034386382832476
1479,16.300417207752275
1480,15.761420707019587
1481,18.132998671500584
1482,17.50439001207821
1483,15.60727002719233
1484,15.201804919084164
1485,17.14771506813948
1486,16.523560759066484
1487,15.424948470398375
1488,16.300417207752275
1489,18.258161814454592
1490,17.50439001207821
1491,15.201804919084164
1492,17.50439001207821
1493,17.216707939626428
1494,16.811242831518264
1495,15.424948470398375
1496,15.068273526459642
1497,17.909855120186375
1498,15.068273526459642
1499,16.811242831518264
1500,16.11809565095832
1501,14.508657738524219
1502,17.72753356339242
1503,17.50439001207821
1504,14.73180128983843
1505,16.454567887579532
1506,16.11809565095832
1507,16.90655301132259
1508,16.811242831518264
1509,15.89495209964411
1510,18.31532022829454
1511,15.60727002719233
1512,16.523560759066484
1513,15.319587954740548
1514,15.60727002719233
1515,15.201804919084164
1516,14.508657738524219
1517,17.50439001207821
1518,16.523560759066484
1519,16.300417207752275
1520,14.508657738524219
1521,14.22097566607244
1522,14.914122846632385
1523,14.914122846632385
1524,13.997832114758229
1525,17.216707939626428
1526,16.70588231586044
1527,16.70588231586044
1528,13.710150042306449
1529,17.50439001207821
1530,17.37085861945369
1531,16.70588231586044
1532,16.523560759066484
1533,16.523560759066484
1534,15.201804919084164
1535,16.90655301132259
1536,17.50439001207821
1537,16.012735135300492
1538,15.89495209964411
1539,15.201804919084164
1540,18.064005800013632
1541,16.70588231586044
1542,15.89495209964411
1543,17.216707939626428
1544,16.70588231586044
1545,16.300417207752275
1546,15.89495209964411
1547,15.89495209964411
1548,16.11809565095832
1549,15.89495209964411
1550,16.11809565095832
1551,15.761420707019587
1552,13.592367006650065
1553,16.811242831518264
1554,15.201804919084164
1555,16.11809565095832
1556,16.11809565095832
1557,15.89495209964411
1558,14.22097566607244
1559,13.815510557964274
1560,16.811242831518264
1561,17.37085861945369
1562,17.111347423968603
1563,14.914122846632385
1564,15.424948470398375
1565,15.068273526459642
1566,17.216707939626428
1567,17.50439001207821
1568,15.89495209964411
1569,15.60727002719233
1570,12.89921982609012
1571,17.50439001207821
1572,16.811242831518264
1573,16.11809565095832
1574,16.11809565095832
1575,15.60727002719233
1576,14.73180128983843
1577,16.454567887579532
1578,15.201804919084164
1579,16.012735135300492
1580,15.761420707019587
1581,15.60727002719233
1582,14.508657738524219
1583,17.216707939626428
1584,16.11809565095832
1585,16.811242831518264
1586,16.811242831518264
1587,16.454567887579532
1588,11.512925464970229
1589,17.216707939626428
1590,12.072541252905651
1591,17.622173047734595
1592,15.89495209964411
1593,15.424948470398375
1594,16.90655301132259
1595,16.70588231586044
1596,15.424948470398375
1597,14.914122846632385
1598,12.611537753638338
1599,15.89495209964411
1600,15.830413578506539
1601,15.424948470398375
1602,16.11809565095832
1603,11.512925464970229
1604,17.72753356339242
1605,16.70588231586044
1606,15.89495209964411
1607,15.60727002719233
1608,15.319587954740548
1609,17.216707939626428
1610,16.523560759066484
1611,15.424948470398375
1612,14.914122846632385
1613,14.22097566607244
1614,16.523560759066484
1615,16.70588231586044
1616,16.11809565095832
1617,16.11809565095832
1618,14.73180128983843
1619,15.424948470398375
1620,14.508657738524219
1621,16.811242831518264
1622,14.508657738524219
1623,17.216707939626428
1624,16.11809565095832
1625,16.11809565095832
1626,15.201804919084164
1627,14.73180128983843
1628,14.22097566607244
1629,13.592367006650065
1630,16.11809565095832
1631,14.508657738524219
1632,17.216707939626428
1633,15.89495209964411
1634,15.424948470398375
1635,16.588099280204055
1636,16.811242831518264
1637,16.300417207752275
1638,15.89495209964411
1639,15.424948470398375
1640,15.319587954740548
1641,15.123843377614453
1642,14.508657738524219
1643,12.89921982609012
1644,15.520258650202699
1645,13.815510557964274
1646,15.319587954740548
1647,15.201804919084164
1648,16.523560759066484
1649,17.034386382832476
1650,16.11809565095832
1651,14.808762330974558
1652,13.592367006650065
1653,15.830413578506539
1654,15.830413578506539
1655,16.70588231586044
1656,14.73180128983843
1657,16.70588231586044
1658,14.73180128983843
1659,16.523560759066484
1660,15.89495209964411
1661,14.914122846632385
1662,14.22097566607244
1663,17.034386382832476
1664,16.11809565095832
1665,15.424948470398375
1666,15.068273526459642
1667,14.914122846632385
1668,15.424948470398375
1669,15.201804919084164
1670,15.068273526459642
1671,16.811242831518264
1672,16.759949537130716
1673,15.201804919084164
1674,15.068273526459642
1675,14.346138809026444
1676,13.710150042306449
1677,13.122363377404328
1678,13.122363377404328
1679,16.300417207752275
1680,15.201804919084164
1681,15.068273526459642
1682,14.808762330974558
1683,16.11809565095832
1684,15.068273526459642
1685,16.11809565095832
1686,16.11809565095832
1687,16.11809565095832
1688,15.319587954740548
1689,12.611537753638338
1690,17.034386382832476
1691,14.73180128983843
1692,14.22097566607244
1693,12.89921982609012
1694,15.068273526459642
1695,14.73180128983843
1696,15.761420707019587
1697,12.429216196844383
1698,16.11809565095832
1699,15.60727002719233
1700,14.151982794585487
1701,15.89495209964411
1702,15.068273526459642
1703,17.034386382832476
1704,16.11809565095832
1705,15.201804919084164
1706,13.122363377404328
1707,12.89921982609012
1708,16.300417207752275
1709,14.914122846632385
1710,14.914122846632385
1711,14.845129975145433
1712,15.89495209964411
1713,13.815510557964274
1714,16.454567887579532
1715,14.346138809026444
1716,12.89921982609012
1717,16.300417207752275
1718,15.687312734865866
1719,13.592367006650065
1720,16.64872390202049
1721,16.300417207752275
1722,15.201804919084164
1723,13.304684934198283
1724,14.73180128983843
1725,16.213405830762646
1726,14.22097566607244
1727,16.300417207752275
1728,14.508657738524219
1729,16.012735135300492
1730,15.424948470398375
1731,13.592367006650065
1732,15.60727002719233
1733,15.424948470398375
1734,15.201804919084164
1735,14.914122846632385
1736,14.22097566607244
1737,13.592367006650065
1738,12.206072645530174
1739,16.523560759066484
1740,13.815510557964274
1741,14.648419680899378
1742,13.122363377404328
1743,13.592367006650065
1744,16.523560759066484
1745,15.89495209964411
1746,15.201804919084164
1747,14.403297222866392
1748,14.22097566607244
1749,14.22097566607244
1750,13.458835614025542
1751,13.38472764187182
1752,13.304684934198283
1753,15.424948470398375
1754,13.458835614025542
1755,15.89495209964411
1756,16.11809565095832
1757,15.60727002719233
1758,13.592367006650065
1759,15.201804919084164
1760,15.068273526459642
1761,14.914122846632385
1762,14.914122846632385
1763,13.122363377404328
1764,16.11809565095832
1765,14.508657738524219
1766,14.73180128983843
1767,14.648419680899378
1768,14.508657738524219
1769,13.122363377404328
1770,15.89495209964411
1771,15.068273526459642
1772,15.068273526459642
1773,14.73180128983843
1774,14.508657738524219
1775,14.22097566607244
1776,16.523560759066484
1777,15.89495209964411
1778,14.346138809026444
1779,15.761420707019587
1780,15.068273526459642
1781,14.22097566607244
1782,14.077874822431765
1783,13.017002861746503
1784,12.429216196844383
1785,15.60727002719233
1786,15.201804919084164
1787,15.068273526459642
1788,14.914122846632385
1789,14.914122846632385
1790,14.808762330974558
1791,14.73180128983843
1792,14.508657738524219
1793,14.22097566607244
1794,15.89495209964411
1795,14.914122846632385
1796,15.60727002719233
1797,15.319587954740548
1798,14.914122846632385
1799,14.22097566607244
1800,13.122363377404328
1801,14.22097566607244
1802,14.73180128983843
1803,15.201804919084164
1804,15.03928598958639
1805,14.22097566607244
1806,13.458835614025542
1807,14.508657738524219
1808,14.22097566607244
1809,15.201804919084164
1810,14.403297222866392
1811,14.403297222866392
1812,13.815510557964274
1813,13.815510557964274
1814,15.89495209964411
1815,15.89495209964411
1816,15.60727002719233
1817,14.73180128983843
1818,14.73180128983843
1819,14.22097566607244
1820,12.89921982609012
1821,15.761420707019587
1822,15.38412647587812
1823,15.068273526459642
1824,12.89921982609012
1825,15.520258650202699
1826,15.424948470398375
1827,15.150511624696614
1828,15.03928598958639
1829,14.508657738524219
1830,14.403297222866392
1831,14.22097566607244
1832,14.22097566607244
1833,17.034386382832476
1834,15.201804919084164
1835,15.068273526459642
1836,14.508657738524219
1837,12.072541252905651
1838,15.068273526459642
1839,14.914122846632385
1840,14.508657738524219
1841,13.710150042306449
1842,14.914122846632385
1843,14.22097566607244
1844,15.424948470398375
1845,15.150511624696614
1846,13.592367006650065
1847,15.009433026436708
1848,14.077874822431765
1849,13.592367006650065
1850,15.687312734865866
1851,15.068273526459642
1852,14.22097566607244
1853,13.458835614025542
1854,12.89921982609012
1855,12.429216196844383
1856,14.914122846632385
1857,14.914122846632385
1858,14.22097566607244
1859,14.508657738524219
1860,14.914122846632385
1861,12.89921982609012
1862,15.89495209964411
1863,14.73180128983843
1864,13.9108207377686
1865,15.89495209964411
1866,15.201804919084164
1867,15.201804919084164
1868,14.28551418721001
1869,13.997832114758229
1870,13.527828485512494
1871,12.89921982609012
1872,12.89921982609012
1873,14.73180128983843
1874,14.73180128983843
1875,15.201804919084164
1876,13.710150042306449
1877,16.523560759066484
1878,14.73180128983843
1879,15.60727002719233
1880,15.319587954740548
1881,14.73180128983843
1882,14.508657738524219
1883,13.592367006650065
1884,12.611537753638338
1885,15.201804919084164
1886,14.403297222866392
1887,15.201804919084164
1888,14.508657738524219
1889,15.424948470398375
1890,14.73180128983843
1891,13.304684934198283
1892,15.096444403426338
1893,14.914122846632385
1894,14.914122846632385
1895,14.403297222866392
1896,13.710150042306449
1897,13.592367006650065
1898,15.068273526459642
1899,14.508657738524219
1900,14.508657738524219
1901,14.077874822431765
1902,15.687312734865866
1903,15.150511624696614
1904,13.458835614025542
1905,15.068273526459642
1906,14.648419680899378
1907,13.997832114758229
1908,11.918390573078392
1909,13.997832114758229
1910,13.592367006650065
1911,14.403297222866392
1912,15.424948470398375
1913,15.424948470398375
1914,15.201804919084164
1915,13.997832114758229
1916,12.765688433465597
1917,12.206072645530174
1918,11.512925464970229
1919,14.914122846632385
1920,13.815510557964274
1921,13.815510557964274
1922,14.508657738524219
1923,13.815510557964274
1924,14.914122846632385
1925,14.28551418721001
1926,13.122363377404328
1927,16.11809565095832
1928,13.592367006650065
1929,13.592367006650065
1930,13.122363377404328
1931,14.914122846632385
1932,14.508657738524219
1933,14.73180128983843
1934,12.89921982609012
1935,14.73180128983843
1936,14.403297222866392
1937,14.403297222866392
1938,13.815510557964274
1939,14.73180128983843
1940,14.508657738524219
1941,14.508657738524219
1942,13.592367006650065
1943,13.122363377404328
1944,18.132998671500584
1945,17.909855120186375
1946,17.622173047734595
1947,18.064005800013632
1948,14.914122846632385
1949,17.50439001207821
1950,17.14771506813948
1951,16.300417207752275
1952,14.508657738524219
1953,18.132998671500584
1954,17.622173047734595
1955,17.216707939626428
1956,16.811242831518264
1957,18.51599092375669
1958,14.914122846632385
1959,13.815510557964274
1960,17.98989782785991
1961,17.034386382832476
1962,14.73180128983843
1963,17.98989782785991
1964,17.822843743196746
1965,16.300417207752275
1966,16.811242831518264
1967,15.424948470398375
1968,17.50439001207821
1969,17.37085861945369
1970,15.60727002719233
1971,13.815510557964274
1972,13.304684934198283
1973,16.811242831518264
1974,15.068273526459642
1975,16.38045991542581
1976,16.11809565095832
1977,15.424948470398375
1978,14.22097566607244
1979,16.454567887579532
1980,16.38045991542581
1981,18.60300230074632
1982,16.300417207752275
1983,12.765688433465597
1984,17.50439001207821
1985,17.034386382832476
1986,15.761420707019587
1987,17.50439001207821
1988,16.454567887579532
1989,15.761420707019587
1990,17.14771506813948
1991,13.592367006650065
1992,17.216707939626428
1993,17.216707939626428
1994,18.132998671500584
1995,17.034386382832476
1996,16.11809565095832
1997,16.454567887579532
1998,15.068273526459642
1999,13.122363377404328
2000,16.523560759066484
2001,16.300417207752275
2002,17.14771506813948
2003,16.90655301132259
2004,16.64872390202049
2005,15.068273526459642
2006,17.72753356339242
2007,17.50439001207821
2008,15.761420707019587
2009,15.27412558066379
2010,18.197537192638155
2011,17.034386382832476
2012,16.523560759066484
2013,16.300417207752275
2014,15.761420707019587
2015,17.37085861945369
2016,17.216707939626428
2017,16.811242831518264
2018,16.70588231586044
2019,16.012735135300492
2020,14.73180128983843
2021,17.50439001207821
2022,14.508657738524219
2023,16.213405830762646
2024,12.89921982609012
2025,16.90655301132259
2026,15.60727002719233
2027,15.60727002719233
2028,15.068273526459642
2029,18.258161814454592
2030,16.811242831518264
2031,15.830413578506539
2032,17.72753356339242
2033,14.22097566607244
2034,17.034386382832476
2035,16.70588231586044
2036,16.300417207752275
2037,15.068273526459642
2038,17.14771506813948
2039,16.523560759066484
2040,15.201804919084164
2041,14.73180128983843
2042,13.592367006650065
2043,12.89921982609012
2044,14.914122846632385
2045,14.73180128983843
2046,15.89495209964411
2047,13.458835614025542
2048,15.761420707019587
2049,16.90655301132259
2050,14.508657738524219
2051,13.592367006650065
2052,16.11809565095832
2053,17.14771506813948
2054,17.111347423968603
2055,16.300417207752275
2056,15.319587954740548
2057,14.73180128983843
2058,15.89495209964411
2059,18.197537192638155
2060,16.012735135300492
2061,14.73180128983843
2062,16.70588231586044
2063,16.300417207752275
2064,15.201804919084164
2065,13.304684934198283
2066,16.811242831518264
2067,15.687312734865866
2068,16.300417207752275
2069,14.914122846632385
2070,16.11809565095832
2071,14.73180128983843
2072,17.50439001207821
2073,16.300417207752275
2074,14.508657738524219
2075,13.592367006650065
2076,13.815510557964274
2077,15.89495209964411
2078,14.914122846632385
2079,14.22097566607244
2080,16.38045991542581
2081,15.424948470398375
2082,14.22097566607244
2083,17.281246460764002
2084,12.765688433465597
2085,16.64872390202049
2086,15.955576721460545
2087,15.201804919084164
2088,15.068273526459642
2089,16.38045991542581
2090,14.508657738524219
2091,14.914122846632385
2092,14.508657738524219
2093,16.70588231586044
2094,16.454567887579532
2095,15.955576721460545
2096,15.60727002719233
2097,15.424948470398375
2098,12.206072645530174
2099,16.300417207752275
2100,16.70588231586044
2101,14.914122846632385
2102,14.508657738524219
2103,13.710150042306449
2104,16.454567887579532
2105,16.300417207752275
2106,15.60727002719233
2107,16.811242831518264
2108,16.70588231586044
2109,14.914122846632385
2110,14.914122846632385
2111,14.22097566607244
2112,15.830413578506539
2113,16.300417207752275
2114,15.009433026436708
2115,14.73180128983843
2116,13.710150042306449
2117,15.201804919084164
2118,14.73180128983843
2119,16.11809565095832
2120,14.508657738524219
2121,14.151982794585487
2122,12.765688433465597
2123,15.89495209964411
2124,16.300417207752275
2125,15.201804919084164
2126,16.70588231586044
2127,16.11809565095832
2128,15.068273526459642
2129,15.89495209964411
2130,15.424948470398375
2131,14.22097566607244
2132,16.11809565095832
2133,15.520258650202699
2134,15.068273526459642
2135,14.73180128983843
2136,14.73180128983843
2137,14.508657738524219
2138,13.458835614025542
2139,12.429216196844383
2140,16.300417207752275
2141,14.914122846632385
2142,15.761420707019587
2143,15.424948470398375
2144,13.815510557964274
2145,15.89495209964411
2146,15.761420707019587
2147,14.73180128983843
2148,14.22097566607244
2149,15.687312734865866
2150,16.99356438831222
2151,15.068273526459642
2152,13.815510557964274
2153,14.914122846632385
2154,15.89495209964411
2155,15.761420707019587
2156,14.914122846632385
2157,13.592367006650065
2158,16.64872390202049
2159,16.523560759066484
2160,15.424948470398375
2161,15.424948470398375
2162,14.914122846632385
2163,13.997832114758229
2164,14.914122846632385
2165,13.997832114758229
2166,13.815510557964274
2167,16.300417207752275
2168,13.592367006650065
2169,16.11809565095832
2170,15.761420707019587
2171,15.761420707019587
2172,15.520258650202699
2173,15.424948470398375
2174,14.73180128983843
2175,13.997832114758229
2176,14.22097566607244
2177,13.997832114758229
2178,16.64872390202049
2179,14.914122846632385
2180,14.508657738524219
2181,16.523560759066484
2182,16.11809565095832
2183,15.319587954740548
2184,14.73180128983843
2185,13.122363377404328
2186,16.300417207752275
2187,15.89495209964411
2188,14.22097566607244
2189,15.687312734865866
2190,15.201804919084164
2191,15.761420707019587
2192,14.22097566607244
2193,14.22097566607244
2194,13.815510557964274
2195,14.603967918328545
2196,14.73180128983843
2197,14.22097566607244
2198,15.201804919084164
2199,16.454567887579532
2200,15.761420707019587
2201,14.508657738524219
2202,14.346138809026444
2203,13.458835614025542
2204,12.611537753638338
2205,15.830413578506539
2206,14.73180128983843
2207,14.508657738524219
2208,14.508657738524219
2209,15.955576721460545
2210,15.761420707019587
2211,15.068273526459642
2212,14.403297222866392
2213,16.523560759066484
2214,16.454567887579532
2215,15.520258650202699
2216,15.068273526459642
2217,14.508657738524219
2218,15.201804919084164
2219,14.22097566607244
2220,13.122363377404328
2221,16.11809565095832
2222,16.012735135300492
2223,15.520258650202699
2224,15.424948470398375
2225,15.068273526459642
2226,15.955576721460545
2227,15.520258650202699
2228,15.068273526459642
2229,14.914122846632385
2230,13.815510557964274
2231,15.520258650202699
2232,15.068273526459642
2233,14.22097566607244
2234,12.611537753638338
2235,15.068273526459642
2236,13.592367006650065
2237,15.761420707019587
2238,14.914122846632385
2239,13.815510557964274
2240,12.89921982609012
2241,15.830413578506539
2242,15.687312734865866
2243,15.068273526459642
2244,14.73180128983843
2245,13.592367006650065
2246,15.687312734865866
2247,14.914122846632385
2248,13.997832114758229
2249,13.304684934198283
2250,13.304684934198283
2251,16.300417207752275
2252,16.300417207752275
2253,16.012735135300492
2254,15.687312734865866
2255,15.068273526459642
2256,14.73180128983843
2257,15.955576721460545
2258,15.520258650202699
2259,15.068273526459642
2260,14.22097566607244
2261,15.068273526459642
2262,13.997832114758229
2263,14.914122846632385
2264,16.38045991542581
2265,16.11809565095832
2266,16.012735135300492
2267,15.424948470398375
2268,13.997832114758229
2269,13.815510557964274
2270,15.424948470398375
2271,15.687312734865866
2272,15.60727002719233
2273,14.508657738524219
2274,13.122363377404328
2275,15.068273526459642
2276,14.73180128983843
2277,14.22097566607244
2278,14.22097566607244
2279,13.815510557964274
2280,13.815510557964274
2281,15.068273526459642
2282,15.068273526459642
2283,14.508657738524219
2284,14.22097566607244
2285,14.508657738524219
2286,13.815510557964274
2287,14.914122846632385
2288,13.997832114758229
2289,13.122363377404328
2290,12.765688433465597
2291,16.012735135300492
2292,14.22097566607244
2293,13.458835614025542
2294,12.429216196844383
2295,15.319587954740548
2296,14.22097566607244
2297,14.22097566607244
2298,13.458835614025542
2299,15.520258650202699
2300,14.22097566607244
2301,16.300417207752275
2302,15.424948470398375
2303,15.761420707019587
2304,15.424948470398375
2305,14.914122846632385
2306,14.22097566607244
2307,13.592367006650065
2308,13.458835614025542
2309,13.304684934198283
2310,15.761420707019587
2311,15.60727002719233
2312,15.520258650202699
2313,15.520258650202699
2314,13.815510557964274
2315,15.068273526459642
2316,14.22097566607244
2317,15.60727002719233
2318,13.815510557964274
2319,14.914122846632385
2320,13.458835614025542
2321,13.122363377404328
2322,12.206072645530174
2323,15.424948470398375
2324,13.592367006650065
2325,15.319587954740548
2326,14.845129975145433
2327,14.73180128983843
2328,16.38045991542581
2329,15.830413578506539
2330,14.73180128983843
2331,13.815510557964274
2332,15.830413578506539
2333,13.997832114758229
2334,13.997832114758229
2335,13.710150042306449
2336,13.458835614025542
2337,12.89921982609012
2338,14.508657738524219
2339,13.592367006650065
2340,14.403297222866392
2341,14.22097566607244
2342,15.761420707019587
2343,14.508657738524219
2344,14.22097566607244
2345,13.997832114758229
2346,15.761420707019587
2347,13.122363377404328
2348,13.997832114758229
2349,15.201804919084164
2350,13.527828485512494
2351,14.914122846632385
2352,11.736069016284437
2353,14.914122846632385
2354,14.151982794585487
2355,13.304684934198283
2356,12.206072645530174
2357,14.508657738524219
2358,13.710150042306449
2359,13.592367006650065
2360,13.122363377404328
2361,15.89495209964411
2362,14.914122846632385
2363,13.592367006650065
2364,13.122363377404328
2365,14.403297222866392
2366,13.997832114758229
2367,13.997832114758229
2368,13.997832114758229
2369,13.815510557964274
2370,13.304684934198283
2371,13.458835614025542
2372,13.122363377404328
2373,15.201804919084164
2374,14.346138809026444
2375,14.914122846632385
2376,14.845129975145433
2377,14.73180128983843
2378,14.603967918328545
2379,15.201804919084164
2380,14.845129975145433
2381,13.9108207377686
2382,13.815510557964274
2383,13.304684934198283
